{"cameraMode":{"drawMode":0,"name":"Shaded","section":"Shading Mode"},"sceneLighting":true,"audioPlay":false,"sceneViewState":{"showFog":true,"showMaterialUpdate":false,"showSkybox":true,"showFlares":true,"showImageEffects":true,"showParticleSystems":true},"in2DMode":false,"pivot":{"x":250.12184143066407,"y":20.394168853759767,"z":412.6477355957031},"rotation":{"x":0.1095813438296318,"y":0.011923527345061303,"z":-0.0013140517985448242,"w":0.9939100742340088},"size":11.74872875213623,"orthographic":false}